{
  "category": "dungeonChest",
  "count_min": 8,
  "count_max": 8,
  "loot": [
    {
      "item": "minecraft:saddle",
      "damage": 0,
      "weight": 10,
      "count_min": 1,
      "count_max": 1
    },
    {
      "item": "minecraft:iron_ingot",
      "damage": 0,
      "weight": 10,
      "count_min": 1,
      "count_max": 4
    },
    {
      "item": "minecraft:bread",
      "damage": 0,
      "weight": 10,
      "count_min": 1,
      "count_max": 1
    },
    {
      "item": "minecraft:wheat",
      "damage": 0,
      "weight": 10,
      "count_min": 1,
      "count_max": 4
    },
    {
      "item": "minecraft:gunpowder",
      "damage": 0,
      "weight": 10,
      "count_min": 1,
      "count_max": 4
    },
    {
      "item": "minecraft:string",
      "damage": 0,
      "weight": 10,
      "count_min": 1,
      "count_max": 4
    },
    {
      "item": "minecraft:bucket",
      "damage": 0,
      "weight": 10,
      "count_min": 1,
      "count_max": 1
    },
    {
      "item": "minecraft:golden_apple",
      "damage": 0,
      "weight": 1,
      "count_min": 1,
      "count_max": 1
    },
    {
      "item": "minecraft:redstone",
      "damage": 0,
      "weight": 10,
      "count_min": 1,
      "count_max": 4
    },
    {
      "item": "minecraft:record_13",
      "damage": 0,
      "weight": 10,
      "count_min": 1,
      "count_max": 1
    },
    {
      "item": "minecraft:record_cat",
      "damage": 0,
      "weight": 10,
      "count_min": 1,
      "count_max": 1
    },
    {
      "item": "minecraft:name_tag",
      "damage": 0,
      "weight": 10,
      "count_min": 1,
      "count_max": 1
    },
    {
      "item": "minecraft:golden_horse_armor",
      "damage": 0,
      "weight": 2,
      "count_min": 1,
      "count_max": 1
    },
    {
      "item": "minecraft:iron_horse_armor",
      "damage": 0,
      "weight": 5,
      "count_min": 1,
      "count_max": 1
    },
    {
      "item": "minecraft:diamond_horse_armor",
      "damage": 0,
      "weight": 1,
      "count_min": 1,
      "count_max": 1
    },
    {
      "item": "minecraft:enchanted_book",
      "damage": 0,
      "weight": 1,
      "count_min": 1,
      "count_max": 1
    },
    {
      "item": "betterstorage:drinkingHelmet",
      "damage": 0,
      "weight": 1,
      "count_min": 1,
      "count_max": 1
    },
    {
      "item": "Botania:manaResource",
      "damage": 0,
      "weight": 9,
      "count_min": 1,
      "count_max": 5
    },
    {
      "item": "Botania:lexicon",
      "damage": 0,
      "weight": 6,
      "count_min": 1,
      "count_max": 1
    },
    {
      "item": "Botania:manaBottle",
      "damage": 0,
      "weight": 5,
      "count_min": 1,
      "count_max": 1
    },
    {
      "item": "Botania:blackLotus",
      "damage": 0,
      "weight": 6,
      "count_min": 1,
      "count_max": 1
    },
    {
      "item": "Botania:overgrowthSeed",
      "damage": 0,
      "weight": 2,
      "count_min": 1,
      "count_max": 1
    },
    {
      "item": "MineFactoryReloaded:safarinet.singleuse",
      "damage": 0,
      "weight": 25,
      "count_min": 1,
      "count_max": 1
    },
    {
      "item": "MineFactoryReloaded:rubberwood.sapling",
      "damage": 2,
      "weight": 8,
      "count_min": 1,
      "count_max": 4
    },
    {
      "item": "AWWayofTime:standardBindingAgent",
      "damage": 0,
      "weight": 6,
      "count_min": 1,
      "count_max": 3
    },
    {
      "item": "AWWayofTime:mundanePowerCatalyst",
      "damage": 0,
      "weight": 4,
      "count_min": 1,
      "count_max": 1
    },
    {
      "item": "AWWayofTime:mundaneLengtheningCatalyst",
      "damage": 0,
      "weight": 4,
      "count_min": 1,
      "count_max": 1
    },
    {
      "item": "AWWayofTime:averagePowerCatalyst",
      "damage": 0,
      "weight": 2,
      "count_min": 1,
      "count_max": 1
    },
    {
      "item": "AWWayofTime:averageLengtheningCatalyst",
      "damage": 0,
      "weight": 2,
      "count_min": 1,
      "count_max": 1
    },
    {
      "item": "AWWayofTime:greaterPowerCatalyst",
      "damage": 0,
      "weight": 1,
      "count_min": 1,
      "count_max": 1
    },
    {
      "item": "AWWayofTime:greaterLengtheningCatalyst",
      "damage": 0,
      "weight": 1,
      "count_min": 1,
      "count_max": 1
    },
    {
      "item": "TConstruct:heartCanister",
      "damage": 1,
      "weight": 5,
      "count_min": 1,
      "count_max": 1
    },
    {
      "item": "TConstruct:broadsword",
      "damage": 0,
      "weight": 2,
      "count_min": 0,
      "count_max": 1
    },
    {
      "item": "Thaumcraft:ItemLootBag",
      "damage": 0,
      "weight": 5,
      "count_min": 1,
      "count_max": 3
    },
    {
      "item": "Thaumcraft:ItemResource",
      "damage": 2,
      "weight": 5,
      "count_min": 1,
      "count_max": 3
    },
    {
      "item": "Thaumcraft:ItemResource",
      "damage": 6,
      "weight": 5,
      "count_min": 1,
      "count_max": 3
    },
    {
      "item": "Thaumcraft:ItemLootBag",
      "damage": 1,
      "weight": 4,
      "count_min": 1,
      "count_max": 2
    },
    {
      "item": "Thaumcraft:ItemBaubleBlanks",
      "damage": 0,
      "weight": 4,
      "count_min": 1,
      "count_max": 2
    },
    {
      "item": "Thaumcraft:ItemBaubleBlanks",
      "damage": 1,
      "weight": 4,
      "count_min": 1,
      "count_max": 2
    },
    {
      "item": "Thaumcraft:ItemBaubleBlanks",
      "damage": 2,
      "weight": 4,
      "count_min": 1,
      "count_max": 2
    },
    {
      "item": "Thaumcraft:ItemResource",
      "damage": 9,
      "weight": 4,
      "count_min": 1,
      "count_max": 2
    },
    {
      "item": "Thaumcraft:ItemLootBag",
      "damage": 2,
      "weight": 1,
      "count_min": 1,
      "count_max": 1
    },
    {
      "item": "Thaumcraft:ItemThaumonomicon",
      "damage": 0,
      "weight": 1,
      "count_min": 1,
      "count_max": 1
    },
    {
      "item": "Thaumcraft:ItemSwordThaumium",
      "damage": 0,
      "weight": 1,
      "count_min": 1,
      "count_max": 1
    },
    {
      "item": "Thaumcraft:ItemPickThaumium",
      "damage": 0,
      "weight": 1,
      "count_min": 1,
      "count_max": 1
    },
    {
      "item": "Thaumcraft:ItemAxeThaumium",
      "damage": 0,
      "weight": 1,
      "count_min": 1,
      "count_max": 1
    },
    {
      "item": "Thaumcraft:ItemHoeThaumium",
      "damage": 0,
      "weight": 1,
      "count_min": 1,
      "count_max": 1
    },
    {
      "item": "Thaumcraft:ItemRingRunic",
      "damage": 0,
      "weight": 1,
      "count_min": 1,
      "count_max": 1
    },
    {
      "item": "Thaumcraft:ItemBaubleBlanks",
      "damage": 3,
      "weight": 1,
      "count_min": 1,
      "count_max": 1
    },
    {
      "item": "Thaumcraft:ItemBaubleBlanks",
      "damage": 4,
      "weight": 1,
      "count_min": 1,
      "count_max": 1
    },
    {
      "item": "Thaumcraft:ItemBaubleBlanks",
      "damage": 5,
      "weight": 1,
      "count_min": 1,
      "count_max": 1
    },
    {
      "item": "Thaumcraft:ItemBaubleBlanks",
      "damage": 6,
      "weight": 1,
      "count_min": 1,
      "count_max": 1
    },
    {
      "item": "Thaumcraft:ItemBaubleBlanks",
      "damage": 7,
      "weight": 1,
      "count_min": 1,
      "count_max": 1
    },
    {
      "item": "Thaumcraft:ItemBaubleBlanks",
      "damage": 8,
      "weight": 1,
      "count_min": 1,
      "count_max": 1
    },
    {
      "item": "Thaumcraft:ItemAmuletVis",
      "damage": 0,
      "nbt": {
        "aqua^i": 100,
        "terra^i": 100,
        "ignis^i": 300,
        "ordo^i": 400,
        "perditio^i": 200,
        "aer^i": 0
      },
      "weight": 1,
      "count_min": 1,
      "count_max": 1
    },
    {
      "item": "Automagy:baubleEnderDisjunction",
      "damage": 1,
      "weight": 1,
      "count_min": 1,
      "count_max": 1
    },
    {
      "item": "Automagy:phialExtra",
      "damage": 0,
      "weight": 3,
      "count_min": 1,
      "count_max": 3
    },
    {
      "item": "ExtraUtilities:divisionSigil",
      "damage": 0,
      "weight": 3,
      "count_min": 1,
      "count_max": 1
    },
    {
      "item": "ExtraUtilities:plant/ender_lilly",
      "damage": 0,
      "weight": 8,
      "count_min": 1,
      "count_max": 5
    }
  ]
}