{
  "category": "strongholdCrossing",
  "count_min": 1,
  "count_max": 5,
  "loot": [
    {
      "item": "minecraft:iron_ingot",
      "damage": 0,
      "weight": 10,
      "count_min": 1,
      "count_max": 5
    },
    {
      "item": "minecraft:gold_ingot",
      "damage": 0,
      "weight": 5,
      "count_min": 1,
      "count_max": 3
    },
    {
      "item": "minecraft:redstone",
      "damage": 0,
      "weight": 5,
      "count_min": 4,
      "count_max": 9
    },
    {
      "item": "minecraft:coal",
      "damage": 0,
      "weight": 10,
      "count_min": 3,
      "count_max": 8
    },
    {
      "item": "minecraft:bread",
      "damage": 0,
      "weight": 15,
      "count_min": 1,
      "count_max": 3
    },
    {
      "item": "minecraft:apple",
      "damage": 0,
      "weight": 15,
      "count_min": 1,
      "count_max": 3
    },
    {
      "item": "minecraft:iron_pickaxe",
      "damage": 0,
      "weight": 1,
      "count_min": 1,
      "count_max": 1
    },
    {
      "item": "minecraft:enchanted_book",
      "damage": 0,
      "weight": 1,
      "count_min": 1,
      "count_max": 1
    },
    {
      "item": "betterstorage:drinkingHelmet",
      "damage": 0,
      "weight": 1,
      "count_min": 1,
      "count_max": 1
    },
    {
      "item": "Thaumcraft:ItemLootBag",
      "damage": 0,
      "weight": 4,
      "count_min": 1,
      "count_max": 3
    },
    {
      "item": "Thaumcraft:ItemResource",
      "damage": 2,
      "weight": 4,
      "count_min": 1,
      "count_max": 3
    },
    {
      "item": "Thaumcraft:ItemResource",
      "damage": 6,
      "weight": 4,
      "count_min": 1,
      "count_max": 3
    },
    {
      "item": "Thaumcraft:ItemLootBag",
      "damage": 1,
      "weight": 3,
      "count_min": 1,
      "count_max": 2
    },
    {
      "item": "Thaumcraft:ItemBaubleBlanks",
      "damage": 0,
      "weight": 3,
      "count_min": 1,
      "count_max": 2
    },
    {
      "item": "Thaumcraft:ItemBaubleBlanks",
      "damage": 1,
      "weight": 3,
      "count_min": 1,
      "count_max": 2
    },
    {
      "item": "Thaumcraft:ItemBaubleBlanks",
      "damage": 2,
      "weight": 3,
      "count_min": 1,
      "count_max": 2
    },
    {
      "item": "Thaumcraft:ItemResource",
      "damage": 9,
      "weight": 3,
      "count_min": 1,
      "count_max": 2
    },
    {
      "item": "Thaumcraft:ItemLootBag",
      "damage": 2,
      "weight": 1,
      "count_min": 1,
      "count_max": 1
    },
    {
      "item": "Thaumcraft:ItemThaumonomicon",
      "damage": 0,
      "weight": 1,
      "count_min": 1,
      "count_max": 1
    },
    {
      "item": "Thaumcraft:ItemSwordThaumium",
      "damage": 0,
      "weight": 1,
      "count_min": 1,
      "count_max": 1
    },
    {
      "item": "Thaumcraft:ItemPickThaumium",
      "damage": 0,
      "weight": 1,
      "count_min": 1,
      "count_max": 1
    },
    {
      "item": "Thaumcraft:ItemAxeThaumium",
      "damage": 0,
      "weight": 1,
      "count_min": 1,
      "count_max": 1
    },
    {
      "item": "Thaumcraft:ItemHoeThaumium",
      "damage": 0,
      "weight": 1,
      "count_min": 1,
      "count_max": 1
    },
    {
      "item": "Thaumcraft:ItemRingRunic",
      "damage": 0,
      "weight": 1,
      "count_min": 1,
      "count_max": 1
    },
    {
      "item": "Thaumcraft:ItemBaubleBlanks",
      "damage": 3,
      "weight": 1,
      "count_min": 1,
      "count_max": 1
    },
    {
      "item": "Thaumcraft:ItemBaubleBlanks",
      "damage": 4,
      "weight": 1,
      "count_min": 1,
      "count_max": 1
    },
    {
      "item": "Thaumcraft:ItemBaubleBlanks",
      "damage": 5,
      "weight": 1,
      "count_min": 1,
      "count_max": 1
    },
    {
      "item": "Thaumcraft:ItemBaubleBlanks",
      "damage": 6,
      "weight": 1,
      "count_min": 1,
      "count_max": 1
    },
    {
      "item": "Thaumcraft:ItemBaubleBlanks",
      "damage": 7,
      "weight": 1,
      "count_min": 1,
      "count_max": 1
    },
    {
      "item": "Thaumcraft:ItemBaubleBlanks",
      "damage": 8,
      "weight": 1,
      "count_min": 1,
      "count_max": 1
    },
    {
      "item": "Thaumcraft:ItemAmuletVis",
      "damage": 0,
      "nbt": {
        "aqua^i": 100,
        "terra^i": 100,
        "ignis^i": 300,
        "ordo^i": 400,
        "perditio^i": 200,
        "aer^i": 0
      },
      "weight": 1,
      "count_min": 1,
      "count_max": 1
    },
    {
      "item": "Automagy:baubleEnderDisjunction",
      "damage": 1,
      "weight": 1,
      "count_min": 1,
      "count_max": 1
    },
    {
      "item": "Automagy:phialExtra",
      "damage": 0,
      "weight": 3,
      "count_min": 1,
      "count_max": 3
    },
    {
      "item": "ExtraUtilities:divisionSigil",
      "damage": 0,
      "weight": 2,
      "count_min": 1,
      "count_max": 1
    }
  ]
}