{
	"dependencies": "netherendingores",
	"populate": {
		"nether-emerald": {
			"distribution": "uniform",
			"generator": {
				"block": {
					"name": "netherendingores:ore_nether_vanilla",
					"properties": {
						"blocks": "emerald_ore"
					}
				},
				"material": "minecraft:netherrack",
				"cluster-size": 1
			},
			"cluster-count": 4,
			"min-height": 10,
			"max-height": 118,
			"retrogen": "true",
			"biome": "all",
			"dimension": {
				"restriction": "whitelist",
				"value": [
					-1
				]
			}
		},
		"nether-diamond": {
			"distribution": "uniform",
			"generator": {
				"block": {
					"name": "netherendingores:ore_nether_vanilla",
					"properties": {
						"blocks": "diamond_ore"
					}
				},
				"material": "minecraft:netherrack",
				"cluster-size": 5
			},
			"cluster-count": 5,
			"min-height": 10,
			"max-height": 118,
			"retrogen": "true",
			"biome": "all",
			"dimension": {
				"restriction": "whitelist",
				"value": [
					-1
				]
			}
		},
		"nether-lapis": {
			"distribution": "uniform",
			"generator": {
				"block": {
					"name": "netherendingores:ore_nether_vanilla",
					"properties": {
						"blocks": "lapis_ore"
					}
				},
				"material": "minecraft:netherrack",
				"cluster-size": 5
			},
			"cluster-count": 5,
			"min-height": 10,
			"max-height": 118,
			"retrogen": "true",
			"biome": "all",
			"dimension": {
				"restriction": "whitelist",
				"value": [
					-1
				]
			}
		},
		"nether-gold": {
			"distribution": "uniform",
			"generator": {
				"block": {
					"name": "netherendingores:ore_nether_vanilla",
					"properties": {
						"blocks": "gold_ore"
					}
				},
				"material": "minecraft:netherrack",
				"cluster-size": 6
			},
			"cluster-count": 6,
			"min-height": 10,
			"max-height": 118,
			"retrogen": "true",
			"biome": "all",
			"dimension": {
				"restriction": "whitelist",
				"value": [
					-1
				]
			}
		},
		"nether-redstone": {
			"distribution": "uniform",
			"generator": {
				"block": {
					"name": "netherendingores:ore_nether_vanilla",
					"properties": {
						"blocks": "redstone_ore"
					}
				},
				"material": "minecraft:netherrack",
				"cluster-size": 6
			},
			"cluster-count": 32,
			"min-height": 10,
			"max-height": 118,
			"retrogen": "true",
			"biome": "all",
			"dimension": {
				"restriction": "whitelist",
				"value": [
					-1
				]
			}
		},
		"nether-iron": {
			"distribution": "uniform",
			"generator": {
				"block": {
					"name": "netherendingores:ore_nether_vanilla",
					"properties": {
						"blocks": "iron_ore"
					}
				},
				"material": "minecraft:netherrack",
				"cluster-size": 6
			},
			"cluster-count": 25,
			"min-height": 10,
			"max-height": 118,
			"retrogen": "true",
			"biome": "all",
			"dimension": {
				"restriction": "whitelist",
				"value": [
					-1
				]
			}
		},
		"nether-coal": {
			"distribution": "uniform",
			"generator": {
				"block": {
					"name": "netherendingores:ore_nether_vanilla",
					"properties": {
						"blocks": "coal_ore"
					}
				},
				"material": "minecraft:netherrack",
				"cluster-size": 12
			},
			"cluster-count": 16,
			"min-height": 10,
			"max-height": 118,
			"retrogen": "true",
			"biome": "all",
			"dimension": {
				"restriction": "whitelist",
				"value": [
					-1
				]
			}
		},
		"nether-aluminum": {
			"distribution": "uniform",
			"generator": {
				"block": {
					"name": "netherendingores:ore_nether_modded_1",
					"properties": {
						"blocks": "aluminum_ore"
					}
				},
				"material": "minecraft:netherrack",
				"cluster-size": 6
			},
			"cluster-count": 4,
			"min-height": 10,
			"max-height": 118,
			"retrogen": "true",
			"biome": "all",
			"dimension": {
				"restriction": "whitelist",
				"value": [
					-1
				]
			}
		},
		"nether-copper": {
			"distribution": "uniform",
			"generator": {
				"block": {
					"name": "netherendingores:ore_nether_modded_1",
					"properties": {
						"blocks": "copper_ore"
					}
				},
				"material": "minecraft:netherrack",
				"cluster-size": 6
			},
			"cluster-count": 6,
			"min-height": 10,
			"max-height": 118,
			"retrogen": "true",
			"biome": "all",
			"dimension": {
				"restriction": "whitelist",
				"value": [
					-1
				]
			}
		},
		"nether-tin": {
			"distribution": "uniform",
			"generator": {
				"block": {
					"name": "netherendingores:ore_nether_modded_1",
					"properties": {
						"blocks": "tin_ore"
					}
				},
				"material": "minecraft:netherrack",
				"cluster-size": 6
			},
			"cluster-count": 7,
			"min-height": 10,
			"max-height": 118,
			"retrogen": "true",
			"biome": "all",
			"dimension": {
				"restriction": "whitelist",
				"value": [
					-1
				]
			}
		}
	}
}
